{"token": "ya29.A0ARrdaM8cj7QquRWNHlAQ7yCHSBGm7bv5hzkvuLW0zFEG5VdfuIA70ZRqMjDvKzLOLaZ5wxW_TyCPu_1WqgtIUW6U3mf5kEJnCaEuZUfB_9ix0XFHiiaOp6HcH2x85QPRjfgsP5KVUg0HeJlkN1KaFE-TpfYX", "refresh_token": "1//06jtjiakghxiGCgYIARAAGAYSNwF-L9IrDpdYqajilxKMrXlpc9ZreI-VYZjY5YRyixgR_M7MK6Uj4Ln6oViUZv8cNMn3Pp1ZohU", "token_uri": "https://oauth2.googleapis.com/token", "client_id": "284674460645-vab8lm4mo80j69makp3udfniktumee3b.apps.googleusercontent.com", "client_secret": "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", "scopes": ["https://www.googleapis.com/auth/spreadsheets", "https://www.googleapis.com/auth/drive"], "expiry": "2022-04-22T16:25:29.177229Z"}