"","NAME","SITE_CODE","DIARY","EMAIL","EMAIL_2","COLLABORATOR","SHIPMENT_ADDRESS","PACKAGE_SENT.","PACKAGE_RECEIVED","STARTED_EXPERIMENT","X2018_SAMPLES","SITE_NAME","LONGITUDE","LATITUDE","ALTITUDE","TIME_ZONE","EXPECTED_SOWING","ACCESS_SOIL","SOIL_TYPE","IBUTON_READER","NUMBER_OF_SITES","NOTES","Pathogen.sampling","bio1","bio2","bio3","bio4","bio5","bio6","bio7","bio8","bio9","bio10","bio11","bio12","bio13","bio14","bio15","bio16","bio17","bio18","bio19","prec1","prec2","prec3","prec4","prec5","prec6","prec7","prec8","prec9","prec10","prec11","prec12","tmin1","tmin2","tmin3","tmin4","tmin5","tmin6","tmin7","tmin8","tmin9","tmin10","tmin11","tmin12","tmax1","tmax2","tmax3","tmax4","tmax5","tmax6","tmax7","tmax8","tmax9","tmax10","tmax11","tmax12"
"1","Niek Scheepens",1,"https://drive.google.com/drive/folders/0B4f3N5Tpiv57LUtqWkJSTHdiMkE?usp=sharing","niek.scheepens@biologie.uni-tuebingen.de","oliver.bossdorf@uni-tuebingen.de","Oliver Bossdorf","na","na","na","","","Botanical Garden of the University of Tübingen",9.034098,48.541492,"","","","","http://www.brill-substrate.com/en/professional_substrates/propagation_substrates/propagation_substrates.html","yes",1,"","",88,88,33,6376,232,-32,264,169,18,169,5,771,96,45,26,264,138,264,148,47,46,45,58,83,96,83,85,61,52,60,55,-32,-22,3,35,75,108,124,116,88,47,9,-20,26,46,91,134,180,213,232,224,194,138,75,35
"2","Francois Vasseur",2,"https://drive.google.com/drive/folders/0B4f3N5Tpiv57UTBoNDkteW9QeTA?usp=sharing","francois.vasseur@cefe.cnrs.fr","cyrille.violle@cefe.cnrs.fr","Cyrille Violle","François Vasseur
Equipe ECOPAR
Centre d'Ecologie Fonctionelle et Evolutive (CEFE)
CNRS
1919 route de Mende
34293 Montpellier 5
FRANCE","yes","yes","","","Experimental field of the Center for Functional and Evolutionary Ecology (CNRS)",3.862563,43.637546,"52","(UTC+01:00) Bruselas, Copenhague, Madrid, París","Early November","yes","http://www.brill-substrate.com/en/professional_substrates/propagation_substrates/propagation_substrates.html","yes",1,"","",137,101,37,5797,284,13,271,145,213,213,63,745,103,25,31,243,117,117,203,74,58,78,52,52,46,25,46,75,103,65,71,13,18,50,74,108,141,163,161,139,96,55,25,102,118,148,175,209,254,284,277,244,195,145,107
"4","Xavier Picó",4,"https://drive.google.com/drive/folders/0B4f3N5Tpiv57ZGo5dUNFbXVyV3c?usp=sharing","xpico@ebd.csic.es","","Rocío Gómez, David Ragel","Estación Biológica de Doñana (EBD-CSIC)
Av. Américo Vespucio s/n
41092 Sevilla (Spain)","yes","yes","8.11.2017","","El Castillejo Botanical Garden, Grazalema National Park",-5.4976326,36.7658248,"329","(UTC+01:00) Bruselas, Copenhague, Madrid, París","Early November","Yes","http://www.brill-substrate.com/en/professional_substrates/propagation_substrates/propagation_substrates.html","No",1,"","Y",152,101,39,5382,299,41,258,97,222,225,87,788,122,2,68,351,22,29,337,111,104,105,63,43,15,2,5,22,78,118,122,41,45,65,83,109,143,167,173,152,116,75,50,127,136,156,179,216,257,296,299,265,211,162,129
"5","Carlos Alonso-Blanco",5,"https://drive.google.com/drive/folders/0B4f3N5Tpiv57bTFwWEF5RUVjZ1k?usp=sharing","calonso@cnb.csic.es","bmendez@cnb.csic.es","Belen Méndez-Vigo","Carlos Alonso-Blanco
Centro Nacional de Biotecnología. Dpt Genética Molecular de Plantas. Lab 318. C/ Darwin 3. Cantoblanco. Madrid 28049. Spain
Phone # : 34-915854967/4688","yes","yes","2.11.2017","","National Center of Biotechnology (CNB-CSIC)",-3.689585,40.544968,"709","(UTC+01:00) Bruselas, Copenhague, Madrid, París","2th November, 2017","Yes","BRILL PRO Start","no",1,"","Y",133,103,35,6591,303,10,293,90,221,221,52,450,58,11,36,157,53,53,133,41,43,36,44,45,30,12,11,31,50,58,49,10,15,41,63,94,137,168,166,136,90,45,17,82,105,142,171,211,263,303,293,250,183,124,86
"6","Arnald Marcer",6,"https://drive.google.com/drive/folders/0B4f3N5Tpiv57MjdsOVNPem1RMWc?usp=sharing","arnald.marcer@uab.cat","","","Edifici C, Campus UAB
Universitat Autònoma de Barcelona
08193 Cerdanyola del Vallès
Spain
Phone: +34 93 581 4667","yes","yes","2.11.2017","","CREAF - Center for Ecological and Forest Applications Research",2.171589,41.609686,"164","(UTC+01:00) Bruselas, Copenhague, Madrid, París","November 2, 16 and 30, 2017","Yes","BRILL PRO Start","Received July 11th, 2018. Thank you",1,"Experiment already started, setup and sown Nov. 2, 2017","Y",157,71,31,5333,277,54,223,204,92,227,92,632,79,33,26,209,122,163,122,38,36,51,53,61,50,33,54,76,79,53,48,54,63,81,98,130,168,197,197,176,134,92,65,119,130,151,177,211,249,277,274,245,200,155,123
"7","Joy Bergelson",7,"https://drive.google.com/drive/folders/0B4f3N5Tpiv57cXp5TlNIZmljWHc?usp=sharing","jbergels@uchicago.edu","tmorton@uchicago.edu","Timothy Morton","Erman Biology Center
Ecology & Evolution
University of Chicago
1101 E 57th St
Chicago IL 60637
Tel: (773) 834 7690
Fax: (773) 702 9740","yes","yes","04.11.2017","","University of Chicago",-87.5987133,41.7886079,"","UTC-5","November 04,2017","yes","sunshime mix # 1","1",1,"","",101,99,25,9912,290,-91,381,224,-32,224,-32,931,100,38,26,298,148,298,148,44,38,70,96,88,100,99,99,91,65,75,66,-91,-68,-14,41,97,152,183,175,130,68,8,-55,-8,15,74,148,213,269,290,281,243,178,93,20
"9","Steve Franks",9,"https://drive.google.com/drive/folders/0B4f3N5Tpiv57b3Y3Mk1rZGctVFU?usp=sharing","franks@fordham.edu","msekor@fordham.edu; elena.hamann@yahoo.fr","Hansol Lee; Elena Hamann","441 E. Fordham Road, Larkin 160, Biology, Fordham University, Bronx, NY 10458","yes, seeds and loggers","yes","20.10.2017","","Calder Center, Fordham University",-73.73042,41.128624,"","UTC-5","end october","available","sunshime mix # 1","no",1,"","",101,105,29,8778,280,-73,353,89,-15,212,-15,1245,115,86,8,332,284,311,284,93,86,107,111,114,99,103,109,105,98,115,105,-73,-63,-19,33,87,138,169,161,120,60,14,-43,17,32,81,147,207,254,280,271,229,172,107,41
"10","Tom Juenger",10,"https://drive.google.com/drive/folders/0B4f3N5Tpiv57aVJVWXcxVER1aVk?usp=sharing","tjuenger@austin.utexas.edu","jebonnette@utexas.edu","","The University of Texas at Austin, Department of Integrative Biology, 2401 Speedway Blvd, PAT 641, Austin, Texas 78712","yes","yes","12.11.2017","","University of Texas at Austin, Brackenridge Field Labs, Experimental Garden",-97.7781,30.2845,"","UTC-5","Early November","yes","can access shunshine mix or pro-mix growing media","yes",2,"","",200,122,38,6960,356,37,319,239,123,286,108,813,111,39,32,273,155,180,161,44,63,48,72,111,90,39,51,94,88,59,54,37,55,92,142,183,218,231,229,202,146,88,48,157,180,220,263,297,332,353,356,322,274,212,172
"11","Felix Fritschi",11,"https://drive.google.com/drive/folders/0B4f3N5Tpiv57QjlZR1pvZ0RCRXc?usp=sharing","fritschif@missouri.edu","mjs258@missouri.edu, mcbwb7@mail.missouri.edu;","associated with Juenger field trials","1-31 Agriculture Building, University of Missouri, Columbia, MO 65211, USA","yes","yes","15.11.2017","","University of Missouri, Bradford Research Center",-92.2048,38.8941,"","UTC-5","Early November","yes","Sungro horticulture professional growing media","Yes",1,"","Y",122,117,30,9495,314,-76,390,218,-7,240,-7,978,121,39,29,326,140,294,140,39,45,75,96,121,108,97,89,99,82,71,56,-76,-50,0,63,116,167,193,180,135,70,9,-48,27,60,120,188,237,285,314,305,262,199,119,50
"12","Steve Franks",12,"https://drive.google.com/drive/folders/0B4f3N5Tpiv57NVBuWEhxak9WS28?usp=sharing","franks@fordham.edu","msekor@fordham.edu; elena.hamann@yahoo.fr","Hansol Lee; Elena Hamann","441 E. Fordham Road, Larkin 160, Biology, Fordham University, Bronx, NY 10458","yes, seeds and loggers","yes","24.10.2017","","NYBG",-73.873887,40.8615,"","UTC-5","end october","available","sunshime mix # 1","no",1,"","",118,91,26,8717,291,-47,338,103,4,229,4,1133,105,78,9,305,256,293,256,84,78,98,102,105,90,102,101,92,84,103,94,-47,-38,2,54,109,161,193,187,144,84,36,-16,30,43,90,154,213,263,291,282,241,181,118,56
"13","Tom Juenger",13,"https://docs.google.com/document/d/1gfjwZQxO-31iCdVcKgSyaLMj1mFpwgwE2RLNxgRsef4/edit","tjuenger@austin.utexas.edu","","","The University of Texas at Austin, Department of Integrative Biology, 2401 Speedway Blvd, Austin, Texas 78712","yes","yes","15.11.2017","","University of Texas, J.J. Pickle Research Campus",-97.7282,30.3877,"","UTC-5","","","","",1,"","",195,122,38,6920,351,32,319,233,118,281,103,835,113,42,32,278,160,185,163,46,63,51,74,113,91,42,52,97,90,62,54,32,51,88,137,178,212,226,224,197,142,85,45,152,175,215,258,291,327,348,351,317,269,208,167
"19","Jasmin Joshi",19,"https://drive.google.com/drive/folders/0B4f3N5Tpiv57UFc2a0pNSzh2QVE?usp=sharing","jjoshi@uni-potsdam.de","dorit.siebert@uni-potsdam.de","Dorit Siebert","Biodiversity Research/Systematic Botany, Maulbeerallee 1, University of Potsdam","yes","yes","18.10.2017","","University of Potsdam/ Botanical Garden",13.025684,52.40374,"","UTC+1","October","yes","MPG Arabidopsis standard mixture, Stender, Germany","",1,"Lat/long added from Gmaps without exact location","",92,83,30,6881,239,-31,270,180,13,180,3,565,67,35,21,183,112,183,126,41,35,36,41,54,67,56,60,44,37,44,50,-31,-24,1,37,81,116,133,129,98,63,20,-12,19,35,82,137,194,226,239,237,195,136,73,34
"20","Mohamed Abdelaziz",20,"https://drive.google.com/drive/folders/0B4f3N5Tpiv57UTFCckFXbHhndzA?usp=sharing","mabdelazizm@gmail.com","","Camilo Ferrón, Ana García-Muñoz, Enrica Olivieri","Mohamed Abdelaziz Mohamed. Departamento de Genética. Facultad de Ciencias. Campus Fuentenueva. Universidad de Granada. 18071. Granada. Spain.","yes","yes","04.11.2017","","La Cortijuela Botanical Garden, Sierra Nevada National Park",-3.1378173,37.0416164,"1600","(UTC+01:00) Bruselas, Copenhague, Madrid, París","October","Yes","http://www.brill-substrate.com/en/professional_substrates/propagation_substrates/propagation_substrates.html","?",1,"","",101,120,38,6460,289,-26,315,51,189,190,26,697,86,16,43,245,63,70,230,78,74,85,86,63,27,16,20,34,62,74,78,-26,-22,-2,17,46,88,123,125,92,51,12,-11,69,82,104,132,168,232,289,282,234,164,110,70
"21","Mohamed Abdelaziz",21,"https://drive.google.com/drive/folders/0B4f3N5Tpiv57dUlPSDVPRXVyQWM?usp=sharing","mabdelazizm@gmail.com","","Camilo Ferrón, Ana García-Muñoz, Enrica Olivieri","Mohamed Abdelaziz Mohamed. Departamento de Genética. Facultad de Ciencias. Campus Fuentenueva. Universidad de Granada. 18071. Granada. Spain.","yes","yes","04.11.2017","","Hoya de Pedraza Botanical Garden, Sierra Nevada National Park",-3.434291,37.111931,"1900","(UTC+01:00) Bruselas, Copenhague, Madrid, París","October","Yes","http://www.brill-substrate.com/en/professional_substrates/propagation_substrates/propagation_substrates.html","?",1,"","",93,123,38,6564,286,-35,321,43,183,184,18,774,96,17,44,273,68,74,261,88,85,96,92,68,30,17,21,36,68,85,88,-35,-30,-10,8,37,80,114,116,82,42,2,-20,60,75,97,125,162,228,286,278,228,156,101,60
"23","Peter Tiffin",23,"https://drive.google.com/drive/folders/0B4f3N5Tpiv57WlRzMG1RazV0N3M?usp=sharing","ptiffin@umn.edu","burgharl@gmail.com; gorto019@umn.edu","Liana Burghardt; Amanda Gorton","140 Gortner Laboratory,1479 Gortner Avenue,St. Paul, MN 55108","yes, seeds and loggers","yes","23.10.2017","","University of Minnesota",-93.2277285,44.97399,"","UTC+5","Oct 23rd","yes","sunshine mix # 6","no (but have reader)",1,"","Y",71,112,25,11481,286,-159,445,211,-85,211,-85,740,108,21,50,310,68,310,68,21,21,46,60,88,108,101,101,77,53,38,26,-159,-126,-60,16,84,137,165,152,99,38,-38,-118,-55,-21,42,139,213,261,286,271,218,153,51,-29
"24","Remco Stam, Alex Kutschera",24,"https://drive.google.com/drive/folders/0B4f3N5Tpiv57dnRPWldHVmQ0Z2c?usp=sharing","remco.stam@tum.de","alexander.kutschera@tum.de","Alex Kutschera","Chair of Phytopathology, Emil Ramann Str 2, 85354 Freising Germany","yes","yes","21.10.2017","","Brixen im Thale, Austria",12.2513095,47.4497732,"1400","GMT","late october","yes","","no",1,"","Y",56,99,33,6841,208,-87,295,140,-22,140,-36,1049,147,52,37,416,164,416,170,57,52,55,71,103,134,147,135,91,70,73,61,-87,-77,-39,0,41,73,91,89,62,18,-26,-65,-4,16,61,107,152,187,208,197,170,115,47,8
"25","Remco Stam, Alex Kutschera",25,"https://drive.google.com/drive/folders/0B4f3N5Tpiv57d21iR1V6a2dXZTQ?usp=sharing","remco.stam@tum.de","alexander.kutschera@tum.de","Alex Kutschera","Chair of Phytopathology, Emil Ramann Str 2, 85354 Freising Germany","yes","yes","20.10.2017","","Experimental Station TU Munich, Dürnast, Germany",11.6952054,48.4051635,"450","GMT","late october","yes","","no",1,"","Y",77,89,32,6662,224,-50,274,161,3,161,-11,844,112,45,33,319,144,319,147,49,45,50,60,90,112,106,101,69,52,57,53,-50,-41,-7,25,66,100,114,108,80,37,0,-34,10,30,77,127,174,207,224,217,184,127,61,22
"26","Merav Seifan",26,"https://drive.google.com/drive/folders/0B4f3N5Tpiv57S09WcEdNaHdCYUU?usp=sharing","seifan@bgu.ac.il","","","The Mitrani Department of Desert Ecology,  Blaustein Institutes for Desert Research, Ben-Gurion University of the Negev, Sde-Boker Campus 84990, Israel","yes, seeds and loggers","yes","24.12.2017","","Sde Boker",34.7827,30.85642,"477m","UTC+2","Noveber","to be discussed","Kekkila White C1 08 ","no",1,"","Y",187,119,45,5220,321,61,260,116,249,249,116,159,34,0,99,98,0,0,98,34,31,28,8,3,0,0,0,0,3,19,33,61,69,89,117,144,170,187,190,175,151,113,75,155,171,201,239,280,308,319,321,300,275,224,171
"27","Meelis Partel",27,"https://drive.google.com/drive/folders/0B4f3N5Tpiv57WktxNFpVbkVtOXc?usp=sharing","meelis.partel@ut.ee","","","Dept. of Botany, Inst. of Ecol. and Earth Sci., University of Tartu, Lai 40, Tartu EE51005, Estonia","yes","yes","30.09.2017","","Private garden close to Tartu",26.3540068,58.2590013,"","UTC+2","Sept - Oct","","","No",1,"","",50,70,22,8499,214,-97,311,145,-18,159,-59,625,80,28,31,222,93,214,110,37,28,30,35,49,61,73,80,69,62,56,45,-95,-97,-59,2,60,104,124,115,75,33,-15,-63,-41,-36,8,80,157,199,214,200,147,87,23,-17
"28","Kathleen Donohue",28,"https://drive.google.com/drive/folders/0B4f3N5Tpiv57eWlfNS14WHU0NFU?usp=sharing","k.donohue@duke.edu","brandie.quarles@duke.edu; mfa20@duke.edu","Brandie Quarles, Mariano Alvarez","Box 90338, 137 Bio Sciences, 130 Science Drive, Durham, NC 27708-0338","yes, seeds and loggers","yes","06.11.2017","","Duke University",-78.9382286,36.0014258,"381","UTC-4 (EDT)","October","not the brand you mention--would like to corodinate with other NA sites to get same soil","Sungro, Sunshine Mix #1 ","Yes, we have an ibutton reader and three temperature-only ibuttons.",1,"Extra trays for seed dispersal check!!","",147,134,39,7640,316,-26,342,243,101,243,46,1158,113,81,11,325,256,325,279,96,96,104,81,110,99,113,113,90,85,84,87,-26,-15,24,73,122,167,190,185,148,79,31,-11,97,117,167,220,261,297,316,308,277,223,171,116
"30","Martijn Herber",30,"https://drive.google.com/drive/folders/0B4f3N5Tpiv57bVItWVJXanVDRnc?usp=sharing","martijn.herber@icloud.com","","","","","yes","","","Hanzehogeschool Groningen",6.5326166,53.2412578,"","","","","","?",1,"","",86,73,33,5388,207,-14,221,151,42,154,18,794,83,46,19,238,143,228,187,66,46,49,48,57,65,83,80,75,70,80,75,-14,-14,7,32,69,100,116,115,95,64,29,2,41,45,75,108,158,190,202,207,179,135,83,51
"32","Carlos Lara-Romero",32,"https://drive.google.com/drive/folders/0B4f3N5Tpiv57UW5fREJnU3hXVUk?usp=sharing","carlos.lara.romero@gmail.com","gema.escribano.avila@gmail.com; atraveset@imedea.uib-csic.es","Anna Traveset; Gema Escribano"," IMEDEA. C/ Miquel Marques 21.  Esporles, Mallorca (SPAIN). Postal code: 07190.","yes","yes","3.11.2017","","Mediterranean Institute for Advanced Studies (IMEDEA)",2.5808832,39.6665263,"198","UTC+1","mid november","YES","BRILL PRO Start","No",1,"","",148,79,35,5227,271,48,223,125,215,219,88,605,94,10,42,234,65,101,169,55,47,49,52,42,25,10,30,61,94,73,67,48,48,60,81,112,150,180,186,165,124,86,61,119,124,139,160,196,237,270,271,247,200,156,129
"33","Jake Alexander",33,"https://drive.google.com/drive/folders/0B4f3N5Tpiv57emhPeksxdk1sSm8?usp=sharing","jake.alexander@env.ethz.ch","hanna.nomoto@unil.ch","Hanna Nomoto","Université de Lausanne, Department of Ecology and Evolution, UNIL Sorge, Le Biophore, CH-1015 Lausanne, Switzerland","yes","yes","27.10.2017","","Lausanne",6.576619,46.522265,"","UTC+1","oct-nov","","","no",1,"","",98,92,33,6483,250,-26,276,180,56,180,13,904,94,62,13,251,198,251,218,72,72,64,62,72,86,71,94,82,66,89,74,-26,-15,7,42,79,112,130,125,102,60,19,-14,36,57,102,144,187,225,250,240,208,149,88,43
"35","Paula Kover",35,"https://drive.google.com/drive/folders/0B4f3N5Tpiv57S0ZwbW5GWm1VcEE?usp=sharing","p.x.kover@bath.ac.uk","v.cevik@bath.ac.uk","Volkan Cevik","University of Bath, Biology Department, Ba2 7AY, UK","yes","yes","25.10.2017","","Bathampton",-2.3246,51.3956,"","GMT","could start by end of Sept?","","","no, but have 1 EL-USB-2 that can record local environment",1,"","",94,73,36,4621,208,7,201,47,57,155,38,777,83,50,16,237,165,176,215,78,54,61,50,58,58,53,65,71,70,76,83,7,8,20,41,71,102,118,116,95,67,33,17,62,66,90,120,155,189,208,202,174,135,93,72
"36","David Salt",36,"https://drive.google.com/drive/folders/0B4f3N5Tpiv57d2dwQW9pclJRdzQ?usp=sharing","David.Salt@nottingham.ac.uk","Eduardo.Sanchez-Bermejo@nottingham.ac.uk; Kamal.Swarup@nottingham.ac.uk; Priya.Ramakrishna@nottingham.ac.uk","","Plant Sciences Bulding, School of Bioscience, University of Nottingham, Sutton Bonington Campus, Loughborough, Leicestershire - LE12 5RD, UK","yes","yes","06-12.2017","","University of Nottingham",-1.1951582,52.938636,"","","-","yes","","Yes",1,"","",99,74,34,4989,218,3,215,44,63,164,36,639,59,45,8,171,142,167,159,55,45,49,48,52,55,53,59,55,52,57,59,3,10,28,49,79,109,128,122,99,68,33,15,58,67,99,128,167,200,218,211,183,140,92,70
"37","Vigdis Vandvik",37,"https://drive.google.com/drive/folders/0B4f3N5Tpiv57WWkxNjVfY0hGU0U?usp=sharing","vigdis.vandvik@uib.no","Heidi.Andersen@uib.no; Bodil.Oma@uib.no","","Department of Biology, University of Bergen, Tormøhlensgate 53A, 5008 Bergen","yes","yes","06.12.2017","","University of Bergen",5.1070722,60.6955192,"20","GMT + 1","could start by end of Sept?","can get","www.tjerbo.no  ""Gartnerjord"" 80 liter.  Mixed : 86 vol % Sphagnum peat, 10 vol % sand, 4 vol % granulated clay. Ph.. 5,5 -6,5. Total-N: 900 mg/L, P-CAT: 35 mg /L, K-CAT: 190 mg/L.    ","yes",1,"I think a site close to Bergen will have to do - checked the protocol and see that frequent (if short) visits are needed....","no",77,49,28,4455,173,-1,174,87,91,134,24,2095,269,97,33,765,330,427,468,192,133,143,111,97,122,139,166,256,269,240,227,4,-1,10,28,62,90,110,116,95,67,37,15,41,37,56,85,130,153,169,173,144,110,74,52
"41","Zuzana Münzbergova",41,"https://drive.google.com/drive/folders/0B4f3N5Tpiv57VjVUQnF2bFRVSFk?usp=sharing","zuzmun@natur.cuni.cz","","","Zuzana Munzbergova, Institute of Botany, Czech Academy of Science, Zamek 1, 252 43 Pruhonice, Czech Republic","yes","yes","13.10.2017","","Pruhonice",14.5603064,50.0017145,"","plus 1 GMT","Mid September to end of October","","","?",1,"","",87,90,32,6960,241,-39,280,176,-2,176,-2,515,74,21,46,215,69,215,69,23,21,29,32,63,73,74,68,45,31,31,25,-39,-31,-2,31,80,109,125,124,86,44,4,-21,17,35,85,137,194,220,241,240,192,134,63,31
"42","Maciek Wodkiewicz",42,"https://drive.google.com/drive/folders/0B4f3N5Tpiv57UjBVdjFWY2FLUWc?usp=sharing","wodkie@biol.uw.edu.pl","a.rudak@biol.uw.edu.pl","Agnieszka Rudak","Maciej Wodkiewicz, Department of Plant Ecology and Environmental Conservation, University of Warsaw, Biological and Chemical Research Centre, Żwirki i Wigury 101, 02-089 Warsaw, Poland","yes","yes","yes","","University of Warsaw",20.985389,52.213833,"","UTC+1","","yes","","no, but I have temperature and humidity loggers at the site",1,"","",77,82,27,7762,235,-62,297,175,-16,175,-25,502,71,22,39,197,70,197,77,22,23,25,33,53,68,71,58,43,35,39,32,-62,-56,-22,30,79,115,129,121,86,44,6,-34,-8,3,52,129,187,222,235,229,181,125,57,12
"43","Panayiotis G. Dimitrakopoulos",43,"https://drive.google.com/drive/folders/0B4f3N5Tpiv57eEQxMUJjNml5Q3c?usp=sharing","pdimi@env.aegean.gr","agal@env.aegean.gr","Alexandros Galanidis","University of the Aegean, Department of Environment, University Hill, 81100, Mytilene, Lesbos, Greece (P. Dimitrakopoulos)","yes","yes","26.10.2017","","Mytilene, Lesbos, Greece",26.568663,39.082996,"60m","UTC+2","Oct 26th","","Type 3 special/BRILL (white peat 50%, black peat 50%, 1000 g NPK fertilizer /m3
structure: very fine, pH-value (CaCl2): 5,7)","Not available",1,"","",159,88,33,6188,307,46,261,86,241,241,86,684,141,4,80,366,20,20,366,127,98,75,47,29,11,5,4,14,38,95,141,46,52,59,91,130,171,198,195,163,125,88,63,110,117,138,182,234,279,307,302,264,215,164,128
"44","Svante Holm",44,"https://drive.google.com/drive/folders/0B4f3N5Tpiv57dm5hOEtIX0RrWE0?usp=sharing","Svante.Holm@miun.se","","","Mid Sweden University, 851 70 Sundsvall, Sweden","yes","yes","","","Mittuniversitetet, Campus Sundsvall",17.2842162,62.3946271,"","UTC+1","Mid-september","yes","","?",1,"","",32,87,26,8425,202,-130,332,128,-30,141,-78,682,78,40,24,225,124,199,150,50,40,41,43,41,52,69,78,78,61,69,60,-130,-125,-75,-22,24,79,103,92,54,11,-49,-101,-48,-31,14,64,131,187,202,187,136,81,10,-29
"45","Jose M. Iriondo",45,"https://drive.google.com/drive/folders/0B4f3N5Tpiv57RXFvOXFQNTZpUVk?usp=sharing","jose.iriondo@urjc.es","alfredo.garcia@urjc.es; javier.morente@urjc.es","Alfredo García-Fernández, Javier Morente","c/ Tulipán s/n, E-28933 Móstoles Madrid","yes","yes","2.11.2017","","Universidad Rey Juan Carlos",-3.883385,40.334126,"651m","UTC+1","mid-october to mid-November","Yes","BRILL PRO Start","no",1,"","",138,104,35,6653,310,13,297,96,227,227,56,430,52,11,36,147,50,50,127,41,40,35,44,44,28,11,11,29,49,52,46,13,17,45,66,101,142,174,171,140,95,48,22,88,110,147,178,217,269,310,299,256,190,131,92
"46","Arthur Korte",46,"https://drive.google.com/drive/folders/0B4f3N5Tpiv57VHQ2M3FYNDB6Rnc?usp=sharing","arthur.korte@uni-wuerzburg.de","pamela.korte@uni-wuerzburg.de; daniel.maag@uni-wuerzburg.de","Pamela Korte; Daniel Maag","Daniel Maag, Julius-von-Sachs-Institute of Biosciences, Pharmaceutical Biology, Julius-von-Sachs-Platz 2, D-97082 Wuerzburg","yes","yes","","","Botanical Garden of the University of Wuerzburg",9.933494,49.764978,"","UTC+1","mid-October","yes","Einheitserde SP VM Tray","not available",1,"","Y",94,86,32,6670,240,-27,267,177,19,177,6,618,73,38,19,196,124,196,135,43,38,43,47,58,73,59,64,45,45,49,54,-27,-20,6,41,80,113,130,127,97,56,17,-11,22,43,93,143,190,222,240,237,203,142,73,35
"47","Karin Koehl",47,"https://drive.google.com/drive/folders/0B4f3N5Tpiv57ZEJMWG5jSXcwVzQ?usp=sharing","koehl@mpimp-golm.mpg.de","bartetzko@mpimp-golm.mpg.de, zerning@mpimp-golm.mpg.de","Linda Bartetzko, Dirk Zerning","Karin Köhl, MPI of Molecular Plant Physiology, Am Mühlenberg 1, 14476 Potsdam OT Golm, Germany","yes","yes","","","Managed field site MPI-MP Golm",13.066667,52.4,"","UTC+1","First half of October","yes","MPG Arabidopsis standard mixture, Stender, Germany","not available, but can be organized",1,"","",92,83,30,6892,239,-31,270,180,13,180,3,565,67,35,21,184,112,184,126,41,35,36,41,54,67,56,61,44,36,44,50,-31,-24,1,38,81,116,133,129,98,64,20,-12,19,35,82,137,194,227,239,237,195,137,73,33
"48","Steve Keller",48,"https://drive.google.com/drive/folders/0B4f3N5Tpiv57S2NKYWdXTEQ1QW8?usp=sharing","srkeller@uvm.edu","","","Department of Plant Biology, University of Vermont, 111 Jeffords Hall, 63 Carrigan Drive, Burlington VT, 05405 USA","yes, seeds and loggers","yes","","","University of Vermont",-73.204257,44.431263,"68m","UTC-4","mid-late October, 2017","yes","ProMix HP","yes",1,"","",69,112,27,10121,272,-136,408,195,-55,195,-67,876,102,45,23,279,149,279,154,49,45,55,71,80,87,90,102,84,76,77,60,-136,-127,-62,6,68,121,147,135,89,31,-17,-91,-28,-14,40,120,196,246,272,256,208,143,70,-1
"49","Marc Stift",49,"https://drive.google.com/drive/folders/0B4f3N5Tpiv57Z3ZSSWdYNzNyQW8?usp=sharing","marcstift@gmail.com","","","Dr. Marc Stift, Ecology (AG van Kleunen), Department of Biology, University of Konstanz, 78457 Konstanz, Germany","yes","yes","yes","","BoGa Konstanz",9.1788,47.6921,"","plus 1 GMT","Same as Tubingen?","Working on it","BRILL PRO Start","yes",1,"","",95,82,31,6620,242,-22,264,179,23,179,10,935,115,43,29,333,152,333,168,43,54,55,68,93,115,114,104,81,65,72,71,-22,-15,11,40,81,115,137,133,105,63,17,-8,27,44,96,136,187,218,242,234,203,136,74,41
"50","John Stinchcombe",50,"https://drive.google.com/drive/folders/0B4f3N5Tpiv57blloTzJBMmdqLXc?usp=sharing","John.stinchcombe@utoronto.ca","georgia.henry@mail.utoronto.ca; p.vaidya@mail.utoronto.ca","Georgia Henry ; Priya Vaidya","EEB Dept, University of Toronto, 25 Willcocks St, Toronto, ON M5S 3B2, Canada","yes, seeds and loggers","yes","23.10.2017","","Koffler Scientific Reserve at Jokers Hill",-79.5316,44.0296,"","UTC-4","mid-October","Working on it","","No",1,"","Y",64,99,26,9668,257,-117,374,175,-12,184,-64,818,85,50,14,238,167,237,185,60,58,50,59,72,75,77,85,76,64,75,67,-117,-114,-64,4,58,111,136,129,89,38,-11,-82,-35,-26,20,108,174,231,257,244,200,137,60,-10
"51","John Stinchcombe",51,"https://drive.google.com/drive/folders/0B4f3N5Tpiv57QnZNeEVzbmZ4NjQ?usp=sharing","John.stinchcombe@utoronto.ca","","","","yes, seeds and loggers","yes","29.10.2017","","University of Toronto campus",-79.396,43.66328,"","","","","","No",NA,"John: I don't think I can keep the downtown Toronto site disturbance free for 3 years. Moi: Lat/long added from Gmaps without exact location","Y",84,87,24,9421,267,-88,355,195,-32,202,-40,783,81,51,12,222,165,216,173,55,51,59,65,66,66,69,81,72,61,71,67,-88,-83,-37,24,80,134,165,158,115,59,10,-52,-15,-7,38,118,183,237,267,256,212,149,77,11
"52","Walter Durka",52,"https://drive.google.com/drive/folders/0B4f3N5Tpiv57WUtJTGZQV1Z2aDg?usp=sharing","walter.durka@ufz.de","","","Helmholtz Centre for Environmental Research-UFZ, Dept. Community Ecology, Theodor-Lieser-Str. 4, 06120 Halle","yes","yes","yes","","Bad Lauchstaedt",11.87735,51.391832,"118","plus 1 GMT","9-13 october","","BRILL PRO Start","yes",1,"","",89,82,32,6435,232,-23,255,172,16,172,8,493,63,28,30,180,86,180,88,30,28,28,37,51,63,59,58,39,38,32,30,-22,-23,0,33,78,110,129,123,91,54,20,-7,27,37,80,131,185,217,232,228,189,133,71,38
"53","Marcel Quint",53,"https://drive.google.com/drive/folders/0B4f3N5Tpiv57eTBjWWU4N2hDQlE?usp=sharing","marcel.quint@landw.uni-halle.de","carolin.delker@landw.uni-halle.de","Carolin Delker","Martin-Luther-Universität Halle-Wittenberg, Institut für Agrar- und Ernährungswissenschaften, Professur Ertragsphysiologie der Kulturpflanzen, Betty-Heimann-Str. 5, 06120 Halle (Saale), Germany","yes","yes","yes","","MLU Halle, Crop Physiology",11.932163,51.496912,"90","plus 1 GMT","9-13 october","yes","BRILL PRO Start","yes (we will borrow one from Walter Durka)",1,"","",91,82,32,6492,235,-21,256,175,17,175,9,476,61,27,31,175,82,175,84,28,27,27,35,50,61,57,57,38,36,31,29,-21,-21,1,35,80,112,131,126,93,56,21,-6,28,39,82,132,187,219,235,231,191,135,72,39
"54","Juliette de Meaux",54,"https://drive.google.com/drive/folders/0B4f3N5Tpiv57QVBxaHR2d1ZlSms?usp=sharing","jdemeaux@uni-koeln.de","gregor.schmitz@uni-koeln.de","Gregor Schmitz","Prof. Dr. Juliette de Meaux
University of Cologne
Plant Molecular Ecology
Institute of Botany
Biozentrum
Zülpicher str. 47b
D-50674 Cologne
Germany
Tel: +49 221 470 8213","yes","yes","18.09.2017","","Experimental garden of the University of Cologne",6.936381,50.925398,"37m","UTC+1","18-Sep","yes","BRILL PRO Start","yes",1,"","",101,83,34,5944,235,-8,243,176,59,176,24,777,83,52,17,244,157,244,176,59,52,52,53,66,83,78,83,64,56,66,65,-8,-6,19,45,82,113,132,129,103,65,34,5,45,56,100,142,189,220,235,233,201,145,89,54
"55","Irène Till-Bottraud",55,"https://drive.google.com/drive/folders/0B4f3N5Tpiv57QWxmX0ZGaFE3d00?usp=sharing","irene.till@uca.fr","","","GEOLAB, Laboratoire de Géographie Physique et Environnementale
UMR 6042 CNRS-UCA
Maison des Sciences de l'Homme
4, rue Ledru
63000 Clermont-Ferrand","yes","yes","27.09.2017","","Saint Just en Chevalet",3.842508,45.916962,"750m","UTC+1","11-13 September","yes","Humustar - terreau semis-boutures (0.75 kg/m3 of N.P.K 12.14.24 and 5% perlite)","yes",1,"","",80,88,35,5802,218,-32,250,136,16,154,5,842,98,49,22,263,159,256,166,56,49,54,60,94,98,71,87,79,66,67,61,-32,-30,-5,18,54,88,108,106,85,45,8,-19,32,44,87,116,156,193,218,214,183,130,74,39
"56","Anne Muola",56,"https://drive.google.com/drive/folders/0B4f3N5Tpiv57d09hVDViZ2w1ZkE?usp=sharing","anne.muola@slu.se","anne.muola@utu.fi","","Kotkatie 1, FI-21600 Parainen, Finland","yes","yes","6.10.2017","","Parainen",22.27434199,60.30133134,"10m","UTC+2","early October?","yes","Kekkilä C1 R8094; white Sphagnum peat, limed & fertilized (Kekkilä Starter fertiliser 1: N-P205-K20 14-9-24 (NO3-N7.0%, NH4-N 6.5%) +TE)","not available",1,"Work address: Environmental and Marine Biology 
Åbo Akademi University 
Artillerigatan 6, Biocity 
FI-20520 TURKU
FINLAND","",52,74,24,7925,216,-87,303,107,38,157,-46,659,76,34,27,209,108,187,158,52,40,37,37,34,44,67,76,65,68,73,66,-79,-87,-55,-4,45,96,122,113,72,30,-15,-56,-22,-24,16,78,152,199,216,200,146,86,30,-3
"57","Martijn van Zanten",57,"https://drive.google.com/drive/folders/0B4f3N5Tpiv57ZFFBSXRsSnJVYzA?usp=sharing","m.vanzanten@uu.nl","l.b.snoek@uu.nl","Basten Snoek","Molecular Plant Physiology, Utrecht University. Padualaan 8, 3584CH Utrecht, the Netherlands","yes + 6 trays","yes","11.10.207","Received","Utrecht University Botanical Garden",5.172565,52.089908,"0 - 0.5 m","UTC+1","12-Oct","Yes, our botanical garden supplier will mix it according to the recipe provided in the protocol ","","I will buy one",1,"2 EXTRA TRAYS for Soil community add-on experiment","Y",93,76,34,5321,214,-6,220,65,50,161,26,806,78,48,16,231,157,219,195,69,49,60,48,56,68,75,76,74,78,76,77,-6,-5,14,36,75,103,121,119,97,68,32,6,50,57,85,116,168,198,213,214,186,143,88,57
"58","Jean-Gabriel Valay",58,"https://drive.google.com/drive/folders/0B4f3N5Tpiv57WEdRazAyQjVFX2c?usp=sharing","jean-gabriel.valay@univ-grenoble-alpes.fr","pascal.salze@univ-grenoble-alpes.fr","Pascal Salze","Jean-Gabriel Valay
SAJF
2233 rue de la Piscine 38610 Gières
Biologie D -RDC 
CS 40700 -38058 Grenoble cedex9
FRANCE","yes","yes","5.10.2017","","Station alpine Jospeh Fourier, col du Lautaret.",6.399983,45.036433,"2 100 m","UTC+1","early October","Yes","100% white peat (substrat TKS1 from Floragard)","yes",1,"potentially extra trays for dispersal analysis","",10,68,29,5682,137,-94,231,-45,84,84,-58,1546,153,101,11,427,333,350,419,143,123,136,119,141,134,101,115,117,133,131,153,-94,-93,-72,-47,-7,28,55,53,32,-6,-50,-79,-32,-29,-7,23,68,106,137,130,101,55,7,-20
"60","Annie Schmitt",60,"https://drive.google.com/drive/folders/0B4f3N5Tpiv57dlBFTUxqVnBDeXc?usp=sharing","jschmitt@ucdavis.edu","maktaylor@ucdavis.edu, macatondarby@ucdavis.edu","Mark Taylor, Mimi Caton-Darby","Department of Evolution and Ecology
Storer Hall 2320
One Shields Ave
University of California Davis
Davis, CA
95616","yes; seeds and loggers","yes","yes; 15.11.2017","","University of California Davis",-121.74051,38.5449,"","UTC-8","mid-November?","","Sungro, sunshine mix #1","no; borrowing from another UC Davis Lab (Gremer Lab)",1,"","",159,151,47,5923,343,28,315,82,231,231,82,470,104,1,88,260,7,7,260,104,81,65,30,9,4,1,2,8,26,65,75,28,46,57,74,101,128,135,131,124,93,54,28,118,155,183,222,270,314,343,338,312,259,175,120
